#,label,image_url,seq,luigi_url,image,Comment,12
1,"""paintbrush_1""",http://dfnq1fss3rnqc.cloudfront.net/play/original/3daf8956-ab9d-4b10-bc1b-ed7f54c62afe,NULL,https://luigi.playment.io/api/image?url=http://dfnq1fss3rnqc.cloudfront.net/play/original/3daf8956-ab9d-4b10-bc1b-ed7f54c62afe,,1,
2,"""paintbrush_2""",http://dfnq1fss3rnqc.cloudfront.net/play/original/f8ea57fb-645e-4a69-9b8e-cf54ec6c92d6,NULL,https://luigi.playment.io/api/image?url=http://dfnq1fss3rnqc.cloudfront.net/play/original/f8ea57fb-645e-4a69-9b8e-cf54ec6c92d6,,,
3,"""paintbrush_3""",http://dfnq1fss3rnqc.cloudfront.net/play/original/f1d46362-10b3-49d5-9d77-66b71ee34a5a,NULL,https://luigi.playment.io/api/image?url=http://dfnq1fss3rnqc.cloudfront.net/play/original/f1d46362-10b3-49d5-9d77-66b71ee34a5a,,,
4,"""paintbrush_4""",http://dfnq1fss3rnqc.cloudfront.net/play/original/d85eb24d-84d6-47ab-85e5-dca79798e8fa,NULL,https://luigi.playment.io/api/image?url=http://dfnq1fss3rnqc.cloudfront.net/play/original/d85eb24d-84d6-47ab-85e5-dca79798e8fa,,,
5,"""paintbrush_5""",http://dfnq1fss3rnqc.cloudfront.net/play/original/9615dcd5-2a07-412d-957a-4a7500987e80,NULL,https://luigi.playment.io/api/image?url=http://dfnq1fss3rnqc.cloudfront.net/play/original/9615dcd5-2a07-412d-957a-4a7500987e80,,,
6,"""paintbrush_6""",http://dfnq1fss3rnqc.cloudfront.net/play/original/58d66e3f-0a13-4494-afaf-78e344f18b68,NULL,https://luigi.playment.io/api/image?url=http://dfnq1fss3rnqc.cloudfront.net/play/original/58d66e3f-0a13-4494-afaf-78e344f18b68,,,
7,"""paintbrush_7""",http://dfnq1fss3rnqc.cloudfront.net/play/original/0bb8b9f6-ad14-440c-b123-6ecf0d1634e9,NULL,https://luigi.playment.io/api/image?url=http://dfnq1fss3rnqc.cloudfront.net/play/original/0bb8b9f6-ad14-440c-b123-6ecf0d1634e9,,,
8,"""paintbrush_8""",http://dfnq1fss3rnqc.cloudfront.net/play/original/620c6427-6966-454a-be04-000b69beb541,NULL,https://luigi.playment.io/api/image?url=http://dfnq1fss3rnqc.cloudfront.net/play/original/620c6427-6966-454a-be04-000b69beb541,,,
9,"""paintbrush_9""",http://dfnq1fss3rnqc.cloudfront.net/play/original/f7586558-82cd-4476-b68b-922ac20d97ee,NULL,https://luigi.playment.io/api/image?url=http://dfnq1fss3rnqc.cloudfront.net/play/original/f7586558-82cd-4476-b68b-922ac20d97ee,,,
10,"""paintbrush_10""",http://dfnq1fss3rnqc.cloudfront.net/play/original/32765a6c-04d5-425a-93f8-e4a30d3df50e,NULL,https://luigi.playment.io/api/image?url=http://dfnq1fss3rnqc.cloudfront.net/play/original/32765a6c-04d5-425a-93f8-e4a30d3df50e,,,
11,"""paintbrush_11""",http://dfnq1fss3rnqc.cloudfront.net/play/original/667abc9d-0fbc-4540-8754-4ffc759b8c4c,NULL,https://luigi.playment.io/api/image?url=http://dfnq1fss3rnqc.cloudfront.net/play/original/667abc9d-0fbc-4540-8754-4ffc759b8c4c,,,
12,"""paintbrush_12""",http://dfnq1fss3rnqc.cloudfront.net/play/original/241b14bb-d92b-40f8-81c4-97e608cccebf,NULL,https://luigi.playment.io/api/image?url=http://dfnq1fss3rnqc.cloudfront.net/play/original/241b14bb-d92b-40f8-81c4-97e608cccebf,,,
13,"""paintbrush_13""",http://dfnq1fss3rnqc.cloudfront.net/play/original/29c4944f-192a-425c-afca-79f92a752cdb,NULL,https://luigi.playment.io/api/image?url=http://dfnq1fss3rnqc.cloudfront.net/play/original/29c4944f-192a-425c-afca-79f92a752cdb,,,
14,"""paintbrush_14""",http://dfnq1fss3rnqc.cloudfront.net/play/original/14a40d4e-4b17-4f0d-868a-42c595517264,NULL,https://luigi.playment.io/api/image?url=http://dfnq1fss3rnqc.cloudfront.net/play/original/14a40d4e-4b17-4f0d-868a-42c595517264,,,
15,"""paintbrush_15""",http://dfnq1fss3rnqc.cloudfront.net/play/original/aacb271e-8547-4980-8dac-34a1595223db,NULL,https://luigi.playment.io/api/image?url=http://dfnq1fss3rnqc.cloudfront.net/play/original/aacb271e-8547-4980-8dac-34a1595223db,,,
16,"""paintbrush_16""",http://dfnq1fss3rnqc.cloudfront.net/play/original/05d50ee8-d364-4145-826a-54119a41670c,NULL,https://luigi.playment.io/api/image?url=http://dfnq1fss3rnqc.cloudfront.net/play/original/05d50ee8-d364-4145-826a-54119a41670c,,1,
17,"""paintbrush_17""",http://dfnq1fss3rnqc.cloudfront.net/play/original/062419cf-9ff4-4712-a032-71a2a8f366e3,NULL,https://luigi.playment.io/api/image?url=http://dfnq1fss3rnqc.cloudfront.net/play/original/062419cf-9ff4-4712-a032-71a2a8f366e3,,,
18,"""paintbrush_18""",http://dfnq1fss3rnqc.cloudfront.net/play/original/a917de04-5ab1-4c4f-a55b-807da47f4cb1,NULL,https://luigi.playment.io/api/image?url=http://dfnq1fss3rnqc.cloudfront.net/play/original/a917de04-5ab1-4c4f-a55b-807da47f4cb1,,,
19,"""paintbrush_19""",http://dfnq1fss3rnqc.cloudfront.net/play/original/4b5cfac4-abfc-4a49-873d-e532049f3d3c,NULL,https://luigi.playment.io/api/image?url=http://dfnq1fss3rnqc.cloudfront.net/play/original/4b5cfac4-abfc-4a49-873d-e532049f3d3c,,,
20,"""paintbrush_20""",http://dfnq1fss3rnqc.cloudfront.net/play/original/09848e44-5d3a-42a0-b163-617749be7cd0,NULL,https://luigi.playment.io/api/image?url=http://dfnq1fss3rnqc.cloudfront.net/play/original/09848e44-5d3a-42a0-b163-617749be7cd0,,,
21,"""paintbrush_21""",http://dfnq1fss3rnqc.cloudfront.net/play/original/da506ad3-805a-4aaf-b916-1500303bd440,NULL,https://luigi.playment.io/api/image?url=http://dfnq1fss3rnqc.cloudfront.net/play/original/da506ad3-805a-4aaf-b916-1500303bd440,,,
22,"""paintbrush_22""",http://dfnq1fss3rnqc.cloudfront.net/play/original/d5888c1a-c42f-4083-bc0d-9011a322e7f9,NULL,https://luigi.playment.io/api/image?url=http://dfnq1fss3rnqc.cloudfront.net/play/original/d5888c1a-c42f-4083-bc0d-9011a322e7f9,,,
23,"""paintbrush_23""",http://dfnq1fss3rnqc.cloudfront.net/play/original/9561fe2e-7bdf-4036-b972-00fd9b4c207e,NULL,https://luigi.playment.io/api/image?url=http://dfnq1fss3rnqc.cloudfront.net/play/original/9561fe2e-7bdf-4036-b972-00fd9b4c207e,,,
24,"""paintbrush_24""",http://dfnq1fss3rnqc.cloudfront.net/play/original/3f819603-a52c-4d60-be1d-322e91c8a62d,NULL,https://luigi.playment.io/api/image?url=http://dfnq1fss3rnqc.cloudfront.net/play/original/3f819603-a52c-4d60-be1d-322e91c8a62d,,1,
25,"""paintbrush_25""",http://dfnq1fss3rnqc.cloudfront.net/play/original/dbb90d96-2556-4060-bdc9-1518837b9d83,NULL,https://luigi.playment.io/api/image?url=http://dfnq1fss3rnqc.cloudfront.net/play/original/dbb90d96-2556-4060-bdc9-1518837b9d83,,,
26,"""paintbrush_26""",http://dfnq1fss3rnqc.cloudfront.net/play/original/c41460ce-e556-47f6-8cc5-37f846946225,NULL,https://luigi.playment.io/api/image?url=http://dfnq1fss3rnqc.cloudfront.net/play/original/c41460ce-e556-47f6-8cc5-37f846946225,,1,
27,"""paintbrush_27""",http://dfnq1fss3rnqc.cloudfront.net/play/original/f3e0b781-fa9c-4e0e-a1e0-d5dda76a7add,NULL,https://luigi.playment.io/api/image?url=http://dfnq1fss3rnqc.cloudfront.net/play/original/f3e0b781-fa9c-4e0e-a1e0-d5dda76a7add,,,
28,"""paintbrush_28""",http://dfnq1fss3rnqc.cloudfront.net/play/original/f538eebb-65c4-4246-bf7b-558f6cd64db8,NULL,https://luigi.playment.io/api/image?url=http://dfnq1fss3rnqc.cloudfront.net/play/original/f538eebb-65c4-4246-bf7b-558f6cd64db8,,,
29,"""paintbrush_29""",http://dfnq1fss3rnqc.cloudfront.net/play/original/9ae7f9fd-c680-4d73-8cbf-17662e1f890c,NULL,https://luigi.playment.io/api/image?url=http://dfnq1fss3rnqc.cloudfront.net/play/original/9ae7f9fd-c680-4d73-8cbf-17662e1f890c,,,
30,"""paintbrush_30""",http://dfnq1fss3rnqc.cloudfront.net/play/original/86a9172c-a784-4308-b227-d1cbe0fe8865,NULL,https://luigi.playment.io/api/image?url=http://dfnq1fss3rnqc.cloudfront.net/play/original/86a9172c-a784-4308-b227-d1cbe0fe8865,,,
31,"""paintbrush_31""",http://dfnq1fss3rnqc.cloudfront.net/play/original/cf482a78-e712-4cba-9861-6d8aa743325c,NULL,https://luigi.playment.io/api/image?url=http://dfnq1fss3rnqc.cloudfront.net/play/original/cf482a78-e712-4cba-9861-6d8aa743325c,,,
32,"""paintbrush_32""",http://dfnq1fss3rnqc.cloudfront.net/play/original/a43013c4-f875-4f39-ae10-e44b0f3294e1,NULL,https://luigi.playment.io/api/image?url=http://dfnq1fss3rnqc.cloudfront.net/play/original/a43013c4-f875-4f39-ae10-e44b0f3294e1,,,
33,"""paintbrush_33""",http://dfnq1fss3rnqc.cloudfront.net/play/original/f4481f3e-05c6-4049-83e0-0c3bb6214ba6,NULL,https://luigi.playment.io/api/image?url=http://dfnq1fss3rnqc.cloudfront.net/play/original/f4481f3e-05c6-4049-83e0-0c3bb6214ba6,,,
34,"""paintbrush_34""",http://dfnq1fss3rnqc.cloudfront.net/play/original/7eaa5a47-5bfc-4b98-8dfa-e6bc8a6f1d51,NULL,https://luigi.playment.io/api/image?url=http://dfnq1fss3rnqc.cloudfront.net/play/original/7eaa5a47-5bfc-4b98-8dfa-e6bc8a6f1d51,,,
35,"""paintbrush_35""",http://dfnq1fss3rnqc.cloudfront.net/play/original/948abefe-0dbe-4e35-94f5-53792d41c9b7,NULL,https://luigi.playment.io/api/image?url=http://dfnq1fss3rnqc.cloudfront.net/play/original/948abefe-0dbe-4e35-94f5-53792d41c9b7,,,
36,"""paintbrush_36""",http://dfnq1fss3rnqc.cloudfront.net/play/original/dd578c3b-30d8-45b9-983d-e75de812c06f,NULL,https://luigi.playment.io/api/image?url=http://dfnq1fss3rnqc.cloudfront.net/play/original/dd578c3b-30d8-45b9-983d-e75de812c06f,,,
37,"""paintbrush_37""",http://dfnq1fss3rnqc.cloudfront.net/play/original/6ddaa018-78ee-4494-a2a8-9ad377f63dfe,NULL,https://luigi.playment.io/api/image?url=http://dfnq1fss3rnqc.cloudfront.net/play/original/6ddaa018-78ee-4494-a2a8-9ad377f63dfe,,,
38,"""paintbrush_38""",http://dfnq1fss3rnqc.cloudfront.net/play/original/a550d59d-c48a-49e1-b639-f82059a0813d,NULL,https://luigi.playment.io/api/image?url=http://dfnq1fss3rnqc.cloudfront.net/play/original/a550d59d-c48a-49e1-b639-f82059a0813d,,1,
39,"""paintbrush_39""",http://dfnq1fss3rnqc.cloudfront.net/play/original/7bf2c7a5-f364-4840-bf87-9c48eedb215f,NULL,https://luigi.playment.io/api/image?url=http://dfnq1fss3rnqc.cloudfront.net/play/original/7bf2c7a5-f364-4840-bf87-9c48eedb215f,,,
40,"""paintbrush_40""",http://dfnq1fss3rnqc.cloudfront.net/play/original/f6376c65-9376-4faf-ba3c-02f8d4690f58,NULL,https://luigi.playment.io/api/image?url=http://dfnq1fss3rnqc.cloudfront.net/play/original/f6376c65-9376-4faf-ba3c-02f8d4690f58,,,
41,"""paintbrush_41""",http://dfnq1fss3rnqc.cloudfront.net/play/original/9ca707ff-4da8-4cf3-92e4-0918e9838ee8,NULL,https://luigi.playment.io/api/image?url=http://dfnq1fss3rnqc.cloudfront.net/play/original/9ca707ff-4da8-4cf3-92e4-0918e9838ee8,,,
42,"""paintbrush_42""",http://dfnq1fss3rnqc.cloudfront.net/play/original/9abc7ae2-bd9f-49c6-a8ce-3f01687996b3,NULL,https://luigi.playment.io/api/image?url=http://dfnq1fss3rnqc.cloudfront.net/play/original/9abc7ae2-bd9f-49c6-a8ce-3f01687996b3,,,
43,"""paintbrush_43""",http://dfnq1fss3rnqc.cloudfront.net/play/original/053fda8b-167c-4f3e-8f52-820628881c47,NULL,https://luigi.playment.io/api/image?url=http://dfnq1fss3rnqc.cloudfront.net/play/original/053fda8b-167c-4f3e-8f52-820628881c47,,,
44,"""paintbrush_44""",http://dfnq1fss3rnqc.cloudfront.net/play/original/2af0b9b9-d575-4fb4-9bcb-8faf1d788396,NULL,https://luigi.playment.io/api/image?url=http://dfnq1fss3rnqc.cloudfront.net/play/original/2af0b9b9-d575-4fb4-9bcb-8faf1d788396,,1,
45,"""paintbrush_45""",http://dfnq1fss3rnqc.cloudfront.net/play/original/ce1d01a8-e5e9-4709-8356-b00f3d795fa2,NULL,https://luigi.playment.io/api/image?url=http://dfnq1fss3rnqc.cloudfront.net/play/original/ce1d01a8-e5e9-4709-8356-b00f3d795fa2,,,
46,"""paintbrush_46""",http://dfnq1fss3rnqc.cloudfront.net/play/original/57e1e26f-3bf3-4674-97d0-0aad3e7ae36c,NULL,https://luigi.playment.io/api/image?url=http://dfnq1fss3rnqc.cloudfront.net/play/original/57e1e26f-3bf3-4674-97d0-0aad3e7ae36c,,1,
47,"""paintbrush_47""",http://dfnq1fss3rnqc.cloudfront.net/play/original/ed2fdcfc-af5f-46e8-a9da-389e3881d072,NULL,https://luigi.playment.io/api/image?url=http://dfnq1fss3rnqc.cloudfront.net/play/original/ed2fdcfc-af5f-46e8-a9da-389e3881d072,,,
48,"""paintbrush_48""",http://dfnq1fss3rnqc.cloudfront.net/play/original/53186d7c-6318-46c3-8b61-f56d8b845572,NULL,https://luigi.playment.io/api/image?url=http://dfnq1fss3rnqc.cloudfront.net/play/original/53186d7c-6318-46c3-8b61-f56d8b845572,,,
49,"""paintbrush_49""",http://dfnq1fss3rnqc.cloudfront.net/play/original/3cfde575-96f1-47e3-8ce1-d5d1828c217b,NULL,https://luigi.playment.io/api/image?url=http://dfnq1fss3rnqc.cloudfront.net/play/original/3cfde575-96f1-47e3-8ce1-d5d1828c217b,,,
50,"""paintbrush_50""",http://dfnq1fss3rnqc.cloudfront.net/play/original/9c577ccf-0d79-437b-806c-465dadf59e64,NULL,https://luigi.playment.io/api/image?url=http://dfnq1fss3rnqc.cloudfront.net/play/original/9c577ccf-0d79-437b-806c-465dadf59e64,,,
51,"""paintbrush_51""",http://dfnq1fss3rnqc.cloudfront.net/play/original/15a34ab8-e937-4d10-ae4a-96175f9c1f14,NULL,https://luigi.playment.io/api/image?url=http://dfnq1fss3rnqc.cloudfront.net/play/original/15a34ab8-e937-4d10-ae4a-96175f9c1f14,,,
52,"""paintbrush_52""",http://dfnq1fss3rnqc.cloudfront.net/play/original/8d36471a-b014-4568-932a-1a430708e5ac,NULL,https://luigi.playment.io/api/image?url=http://dfnq1fss3rnqc.cloudfront.net/play/original/8d36471a-b014-4568-932a-1a430708e5ac,,,
53,"""paintbrush_53""",http://dfnq1fss3rnqc.cloudfront.net/play/original/656468f0-8fba-4f92-a39e-5a2af1ea5087,NULL,https://luigi.playment.io/api/image?url=http://dfnq1fss3rnqc.cloudfront.net/play/original/656468f0-8fba-4f92-a39e-5a2af1ea5087,,,
54,"""paintbrush_54""",http://dfnq1fss3rnqc.cloudfront.net/play/original/e4586a6f-2e6b-4e9a-9e89-45cef78e2b52,NULL,https://luigi.playment.io/api/image?url=http://dfnq1fss3rnqc.cloudfront.net/play/original/e4586a6f-2e6b-4e9a-9e89-45cef78e2b52,,,
55,"""paintbrush_55""",http://dfnq1fss3rnqc.cloudfront.net/play/original/4e643bc0-dd86-4ffa-a442-3ec0b429fe5b,NULL,https://luigi.playment.io/api/image?url=http://dfnq1fss3rnqc.cloudfront.net/play/original/4e643bc0-dd86-4ffa-a442-3ec0b429fe5b,,,
56,"""paintbrush_56""",http://dfnq1fss3rnqc.cloudfront.net/play/original/1838e695-befc-42ac-8f2a-4c1ab428942e,NULL,https://luigi.playment.io/api/image?url=http://dfnq1fss3rnqc.cloudfront.net/play/original/1838e695-befc-42ac-8f2a-4c1ab428942e,,,
57,"""paintbrush_57""",http://dfnq1fss3rnqc.cloudfront.net/play/original/4c0c2d0d-3694-4864-b247-ae5bfa3a8145,NULL,https://luigi.playment.io/api/image?url=http://dfnq1fss3rnqc.cloudfront.net/play/original/4c0c2d0d-3694-4864-b247-ae5bfa3a8145,,,
58,"""paintbrush_58""",http://dfnq1fss3rnqc.cloudfront.net/play/original/86102895-a8a3-446e-8239-3fb6ebc8cc12,NULL,https://luigi.playment.io/api/image?url=http://dfnq1fss3rnqc.cloudfront.net/play/original/86102895-a8a3-446e-8239-3fb6ebc8cc12,,,
59,"""paintbrush_59""",http://dfnq1fss3rnqc.cloudfront.net/play/original/ea6f700d-cdd8-472e-9e52-5263a0c1e06d,NULL,https://luigi.playment.io/api/image?url=http://dfnq1fss3rnqc.cloudfront.net/play/original/ea6f700d-cdd8-472e-9e52-5263a0c1e06d,,,
60,"""paintbrush_60""",http://dfnq1fss3rnqc.cloudfront.net/play/original/cd39e0e6-bf8c-4fc0-883d-af2965db8c0b,NULL,https://luigi.playment.io/api/image?url=http://dfnq1fss3rnqc.cloudfront.net/play/original/cd39e0e6-bf8c-4fc0-883d-af2965db8c0b,,,
61,"""paintbrush_61""",http://dfnq1fss3rnqc.cloudfront.net/play/original/b80a2168-0d83-4787-84c6-36ad08908a0b,NULL,https://luigi.playment.io/api/image?url=http://dfnq1fss3rnqc.cloudfront.net/play/original/b80a2168-0d83-4787-84c6-36ad08908a0b,,1,
62,"""paintbrush_62""",http://dfnq1fss3rnqc.cloudfront.net/play/original/b8c0a3be-c5f0-45a5-bb14-b4767ef9a641,NULL,https://luigi.playment.io/api/image?url=http://dfnq1fss3rnqc.cloudfront.net/play/original/b8c0a3be-c5f0-45a5-bb14-b4767ef9a641,,,
63,"""paintbrush_63""",http://dfnq1fss3rnqc.cloudfront.net/play/original/2bebe32f-b909-4889-8f38-e79da3330e00,NULL,https://luigi.playment.io/api/image?url=http://dfnq1fss3rnqc.cloudfront.net/play/original/2bebe32f-b909-4889-8f38-e79da3330e00,,,
64,"""paintbrush_64""",http://dfnq1fss3rnqc.cloudfront.net/play/original/5fa8a94d-801d-42ec-a66f-49088727372c,NULL,https://luigi.playment.io/api/image?url=http://dfnq1fss3rnqc.cloudfront.net/play/original/5fa8a94d-801d-42ec-a66f-49088727372c,,,
65,"""paintbrush_65""",http://dfnq1fss3rnqc.cloudfront.net/play/original/9168871f-938c-43a5-8136-43426e37812c,NULL,https://luigi.playment.io/api/image?url=http://dfnq1fss3rnqc.cloudfront.net/play/original/9168871f-938c-43a5-8136-43426e37812c,,,
66,"""paintbrush_66""",http://dfnq1fss3rnqc.cloudfront.net/play/original/c09cb74e-4831-49af-bd92-8493bcdda556,NULL,https://luigi.playment.io/api/image?url=http://dfnq1fss3rnqc.cloudfront.net/play/original/c09cb74e-4831-49af-bd92-8493bcdda556,,,
67,"""paintbrush_67""",http://dfnq1fss3rnqc.cloudfront.net/play/original/e30f5b2c-bc7c-43b1-a6f1-2c9968a37c35,NULL,https://luigi.playment.io/api/image?url=http://dfnq1fss3rnqc.cloudfront.net/play/original/e30f5b2c-bc7c-43b1-a6f1-2c9968a37c35,,,
68,"""paintbrush_68""",http://dfnq1fss3rnqc.cloudfront.net/play/original/65d057fa-330b-4fcd-a01e-cb57a0c149f9,NULL,https://luigi.playment.io/api/image?url=http://dfnq1fss3rnqc.cloudfront.net/play/original/65d057fa-330b-4fcd-a01e-cb57a0c149f9,,,
69,"""paintbrush_69""",http://dfnq1fss3rnqc.cloudfront.net/play/original/c4501414-c163-45d4-8624-134061e3bd3d,NULL,https://luigi.playment.io/api/image?url=http://dfnq1fss3rnqc.cloudfront.net/play/original/c4501414-c163-45d4-8624-134061e3bd3d,,1,
70,"""paintbrush_70""",http://dfnq1fss3rnqc.cloudfront.net/play/original/fa46fdb4-a18c-4fff-86a5-3938b9a50e2b,NULL,https://luigi.playment.io/api/image?url=http://dfnq1fss3rnqc.cloudfront.net/play/original/fa46fdb4-a18c-4fff-86a5-3938b9a50e2b,,,
71,"""paintbrush_71""",http://dfnq1fss3rnqc.cloudfront.net/play/original/39d61784-b8f3-42d9-a786-fce4c9208465,NULL,https://luigi.playment.io/api/image?url=http://dfnq1fss3rnqc.cloudfront.net/play/original/39d61784-b8f3-42d9-a786-fce4c9208465,,,
72,"""paintbrush_72""",http://dfnq1fss3rnqc.cloudfront.net/play/original/45bc6a24-5de8-45e2-8a16-14dde5b22474,NULL,https://luigi.playment.io/api/image?url=http://dfnq1fss3rnqc.cloudfront.net/play/original/45bc6a24-5de8-45e2-8a16-14dde5b22474,,,
73,"""paintbrush_73""",http://dfnq1fss3rnqc.cloudfront.net/play/original/e60b1fde-bf79-4377-b671-0adfe500333b,NULL,https://luigi.playment.io/api/image?url=http://dfnq1fss3rnqc.cloudfront.net/play/original/e60b1fde-bf79-4377-b671-0adfe500333b,,,
74,"""paintbrush_74""",http://dfnq1fss3rnqc.cloudfront.net/play/original/116e679f-bc0e-4e3f-afb0-d2f5e15e4a64,NULL,https://luigi.playment.io/api/image?url=http://dfnq1fss3rnqc.cloudfront.net/play/original/116e679f-bc0e-4e3f-afb0-d2f5e15e4a64,,,
75,"""paintbrush_75""",http://dfnq1fss3rnqc.cloudfront.net/play/original/0d5ba1e4-e2d3-4f7f-ad94-89d6c383605a,NULL,https://luigi.playment.io/api/image?url=http://dfnq1fss3rnqc.cloudfront.net/play/original/0d5ba1e4-e2d3-4f7f-ad94-89d6c383605a,,,
76,"""paintbrush_76""",http://dfnq1fss3rnqc.cloudfront.net/play/original/e01a518b-3c7e-446a-9a81-82d4b5bc9969,NULL,https://luigi.playment.io/api/image?url=http://dfnq1fss3rnqc.cloudfront.net/play/original/e01a518b-3c7e-446a-9a81-82d4b5bc9969,,1,
77,"""paintbrush_77""",http://dfnq1fss3rnqc.cloudfront.net/play/original/9b997050-8a55-41a8-9f2e-25bfee661f13,NULL,https://luigi.playment.io/api/image?url=http://dfnq1fss3rnqc.cloudfront.net/play/original/9b997050-8a55-41a8-9f2e-25bfee661f13,,,
78,"""paintbrush_78""",http://dfnq1fss3rnqc.cloudfront.net/play/original/c550a171-4ecd-470a-91f9-b095708cd074,NULL,https://luigi.playment.io/api/image?url=http://dfnq1fss3rnqc.cloudfront.net/play/original/c550a171-4ecd-470a-91f9-b095708cd074,,,
79,"""paintbrush_79""",http://dfnq1fss3rnqc.cloudfront.net/play/original/e25f28ef-a095-47f5-ae8b-98fae27ad06f,NULL,https://luigi.playment.io/api/image?url=http://dfnq1fss3rnqc.cloudfront.net/play/original/e25f28ef-a095-47f5-ae8b-98fae27ad06f,,,
80,"""paintbrush_80""",http://dfnq1fss3rnqc.cloudfront.net/play/original/a9413cc0-e1e6-470d-94f8-4703c94c7a3b,NULL,https://luigi.playment.io/api/image?url=http://dfnq1fss3rnqc.cloudfront.net/play/original/a9413cc0-e1e6-470d-94f8-4703c94c7a3b,,,
81,"""paintbrush_81""",http://dfnq1fss3rnqc.cloudfront.net/play/original/cfe2c0e9-f7fb-4dff-a575-df63a8e83d15,NULL,https://luigi.playment.io/api/image?url=http://dfnq1fss3rnqc.cloudfront.net/play/original/cfe2c0e9-f7fb-4dff-a575-df63a8e83d15,,,
82,"""paintbrush_82""",http://dfnq1fss3rnqc.cloudfront.net/play/original/44d80ac5-0c98-448b-a88f-eeae0c975f42,NULL,https://luigi.playment.io/api/image?url=http://dfnq1fss3rnqc.cloudfront.net/play/original/44d80ac5-0c98-448b-a88f-eeae0c975f42,,,
83,"""paintbrush_83""",http://dfnq1fss3rnqc.cloudfront.net/play/original/706edfab-dd6e-40c7-9d97-adac9ced342b,NULL,https://luigi.playment.io/api/image?url=http://dfnq1fss3rnqc.cloudfront.net/play/original/706edfab-dd6e-40c7-9d97-adac9ced342b,,,
84,"""paintbrush_84""",http://dfnq1fss3rnqc.cloudfront.net/play/original/0c1769e1-fcdb-4706-82d7-82a02c8d37f1,NULL,https://luigi.playment.io/api/image?url=http://dfnq1fss3rnqc.cloudfront.net/play/original/0c1769e1-fcdb-4706-82d7-82a02c8d37f1,,,
85,"""paintbrush_85""",http://dfnq1fss3rnqc.cloudfront.net/play/original/421bd2da-7d1e-43e3-bc92-cf2f902adea2,NULL,https://luigi.playment.io/api/image?url=http://dfnq1fss3rnqc.cloudfront.net/play/original/421bd2da-7d1e-43e3-bc92-cf2f902adea2,,,
86,"""paintbrush_86""",http://dfnq1fss3rnqc.cloudfront.net/play/original/3061ecc4-d50e-4a92-ab8b-2d457709d37e,NULL,https://luigi.playment.io/api/image?url=http://dfnq1fss3rnqc.cloudfront.net/play/original/3061ecc4-d50e-4a92-ab8b-2d457709d37e,,,
87,"""paintbrush_87""",http://dfnq1fss3rnqc.cloudfront.net/play/original/9c0d531b-5541-46bd-b9f5-fa6b160e533e,NULL,https://luigi.playment.io/api/image?url=http://dfnq1fss3rnqc.cloudfront.net/play/original/9c0d531b-5541-46bd-b9f5-fa6b160e533e,,,
88,"""paintbrush_88""",http://dfnq1fss3rnqc.cloudfront.net/play/original/f92dbdbb-19b2-4e7e-bef7-4fa596d2ac05,NULL,https://luigi.playment.io/api/image?url=http://dfnq1fss3rnqc.cloudfront.net/play/original/f92dbdbb-19b2-4e7e-bef7-4fa596d2ac05,,,
89,"""paintbrush_89""",http://dfnq1fss3rnqc.cloudfront.net/play/original/37b5891d-a5bf-4652-b57c-21d159a14956,NULL,https://luigi.playment.io/api/image?url=http://dfnq1fss3rnqc.cloudfront.net/play/original/37b5891d-a5bf-4652-b57c-21d159a14956,,,
90,"""paintbrush_90""",http://dfnq1fss3rnqc.cloudfront.net/play/original/e578b2f3-c37a-47d6-8a3d-b99a1ca5685a,NULL,https://luigi.playment.io/api/image?url=http://dfnq1fss3rnqc.cloudfront.net/play/original/e578b2f3-c37a-47d6-8a3d-b99a1ca5685a,,,
91,"""paintbrush_91""",http://dfnq1fss3rnqc.cloudfront.net/play/original/136bafd2-bff1-4915-ad94-b0dce1f33fff,NULL,https://luigi.playment.io/api/image?url=http://dfnq1fss3rnqc.cloudfront.net/play/original/136bafd2-bff1-4915-ad94-b0dce1f33fff,,,
92,"""paintbrush_92""",http://dfnq1fss3rnqc.cloudfront.net/play/original/9b8f87fe-b7dc-47dd-89c5-70a5fb33b004,NULL,https://luigi.playment.io/api/image?url=http://dfnq1fss3rnqc.cloudfront.net/play/original/9b8f87fe-b7dc-47dd-89c5-70a5fb33b004,,,
93,"""paintbrush_93""",http://dfnq1fss3rnqc.cloudfront.net/play/original/9790e6fa-7d9c-45d4-a228-db12c6cae142,NULL,https://luigi.playment.io/api/image?url=http://dfnq1fss3rnqc.cloudfront.net/play/original/9790e6fa-7d9c-45d4-a228-db12c6cae142,,,
94,"""paintbrush_94""",http://dfnq1fss3rnqc.cloudfront.net/play/original/3a443a74-d1d4-4256-b6b0-1bfdff742405,NULL,https://luigi.playment.io/api/image?url=http://dfnq1fss3rnqc.cloudfront.net/play/original/3a443a74-d1d4-4256-b6b0-1bfdff742405,,,
95,"""paintbrush_95""",http://dfnq1fss3rnqc.cloudfront.net/play/original/8339d8f6-65df-4706-9f67-d1554a5f6c95,NULL,https://luigi.playment.io/api/image?url=http://dfnq1fss3rnqc.cloudfront.net/play/original/8339d8f6-65df-4706-9f67-d1554a5f6c95,,,
96,"""paintbrush_96""",http://dfnq1fss3rnqc.cloudfront.net/play/original/06f04623-b4c4-45d1-9fa8-51e1699b4521,NULL,https://luigi.playment.io/api/image?url=http://dfnq1fss3rnqc.cloudfront.net/play/original/06f04623-b4c4-45d1-9fa8-51e1699b4521,,1,
97,"""paintbrush_97""",http://dfnq1fss3rnqc.cloudfront.net/play/original/5a5b87fd-fa97-408d-8969-9defd738c35e,NULL,https://luigi.playment.io/api/image?url=http://dfnq1fss3rnqc.cloudfront.net/play/original/5a5b87fd-fa97-408d-8969-9defd738c35e,,,
98,"""paintbrush_98""",http://dfnq1fss3rnqc.cloudfront.net/play/original/868fca00-fa73-4317-9280-936fa7f16b56,NULL,https://luigi.playment.io/api/image?url=http://dfnq1fss3rnqc.cloudfront.net/play/original/868fca00-fa73-4317-9280-936fa7f16b56,,,
99,"""paintbrush_99""",http://dfnq1fss3rnqc.cloudfront.net/play/original/7473a702-de0b-42aa-9c65-6dbc43390b8f,NULL,https://luigi.playment.io/api/image?url=http://dfnq1fss3rnqc.cloudfront.net/play/original/7473a702-de0b-42aa-9c65-6dbc43390b8f,,1,
100,"""paintbrush_100""",http://dfnq1fss3rnqc.cloudfront.net/play/original/3cb70d42-fa4c-46c7-b6b2-b9d279922c3f,NULL,https://luigi.playment.io/api/image?url=http://dfnq1fss3rnqc.cloudfront.net/play/original/3cb70d42-fa4c-46c7-b6b2-b9d279922c3f,,,